WeatherPy_Database.csv,City,Country,Lat,Lng,Max Temp,Humidity,Cloudiness,Wind Speed,Current Description
0,Terekli-Mekteb,RU,44.1671,45.8698,66.34,42,48,5.53,scattered clouds
1,Port Elizabeth,ZA,-33.918,25.5701,67.1,78,75,13.8,broken clouds
2,Ponta Delgada,PT,37.7333,-25.6667,61.52,67,40,28.77,scattered clouds
3,Atuona,PF,-9.8,-139.0333,78.84,79,20,21.27,light rain
4,Rikitea,PF,-23.1203,-134.9692,78.89,74,6,17.38,clear sky
5,Qaanaaq,GL,77.484,-69.3632,-2.85,71,9,5.97,clear sky
6,Dingle,PH,10.9995,122.6711,76.1,88,100,4.36,overcast clouds
7,Tabou,CI,4.423,-7.3528,86.07,69,92,10.54,overcast clouds
8,Punta Arenas,CL,-53.15,-70.9167,41.11,100,75,8.05,broken clouds
9,Waingapu,ID,-9.6567,120.2641,78.82,83,96,3.51,overcast clouds
10,Bintulu,MY,3.1667,113.0333,77.41,100,20,0.0,few clouds
11,Pisco,PE,-13.7,-76.2167,66.25,88,94,1.14,mist
12,Tokomaru,NZ,-40.4667,175.5,44.85,95,0,0.34,clear sky
13,Ushuaia,AR,-54.8,-68.3,38.86,70,0,0.0,clear sky
14,Nikolskoye,RU,59.7035,30.7861,48.09,77,100,10.85,overcast clouds
15,San Cosme Y Damian,PY,-27.3167,-56.35,71.78,75,2,3.71,clear sky
16,Mataura,NZ,-46.1927,168.8643,44.83,96,78,3.71,broken clouds
17,Chuy,UY,-33.6971,-53.4616,74.28,61,0,4.59,clear sky
18,Hambantota,LK,6.1241,81.1185,79.14,94,75,4.61,broken clouds
19,Carnarvon,AU,-24.8667,113.6333,73.47,68,0,19.57,clear sky
20,Sambava,MG,-14.2667,50.1667,79.61,84,31,14.34,light rain
21,Castro,BR,-24.7911,-50.0119,75.07,65,95,5.37,overcast clouds
22,Jamestown,US,42.097,-79.2353,39.02,74,100,12.66,overcast clouds
23,Lubango,AO,-14.9172,13.4925,82.26,28,40,4.61,scattered clouds
24,Karabuk,TR,41.2049,32.6277,73.69,36,7,4.34,clear sky
25,Port Alfred,ZA,-33.5906,26.891,67.17,79,99,4.0,overcast clouds
26,Saint George,US,37.1041,-113.5841,52.39,25,0,0.0,clear sky
27,Chokurdakh,RU,70.6333,147.9167,-25.08,100,73,4.68,broken clouds
28,New Norfolk,AU,-42.7826,147.0587,63.9,60,24,2.91,few clouds
29,Hobart,AU,-42.8794,147.3294,64.26,72,40,10.36,scattered clouds
30,Busselton,AU,-33.65,115.3333,59.49,56,99,5.26,overcast clouds
31,Albany,US,42.6001,-73.9662,44.92,92,100,4.27,light rain
32,Saskylakh,RU,71.9167,114.0833,-9.96,97,34,2.8,scattered clouds
33,Raga,SS,8.4596,25.678,97.68,25,54,12.33,broken clouds
34,Saint-Philippe,RE,-21.3585,55.7679,81.21,84,46,10.4,light rain
35,Alofi,NU,-19.0595,-169.9187,78.69,89,47,3.44,scattered clouds
36,Mahebourg,MU,-20.4081,57.7,81.25,78,75,6.91,broken clouds
37,Isangel,VU,-19.55,169.2667,80.6,84,100,9.57,overcast clouds
38,Salalah,OM,17.0151,54.0924,87.89,62,0,11.5,clear sky
39,Leningradskiy,RU,69.3833,178.4167,-23.12,98,62,4.54,broken clouds
40,Vila,PT,42.0304,-8.1588,58.69,54,100,5.28,overcast clouds
41,Bredasdorp,ZA,-34.5322,20.0403,66.0,63,32,24.79,scattered clouds
42,Kodinsk,RU,58.6881,99.1844,28.94,98,100,2.33,overcast clouds
43,Cherskiy,RU,68.75,161.3,-8.41,100,97,6.82,overcast clouds
44,Kapaa,US,22.0752,-159.319,73.72,87,100,18.41,overcast clouds
45,Yulara,AU,-25.2406,130.9889,64.24,29,0,3.44,clear sky
46,Guerrero Negro,MX,27.9769,-114.0611,65.16,57,12,8.86,few clouds
47,Caravelas,BR,-17.7125,-39.2481,86.72,57,71,4.74,broken clouds
48,Narsaq,GL,60.9167,-46.05,35.82,45,2,1.19,clear sky
49,Matara,LK,5.9485,80.5353,79.65,80,57,8.93,broken clouds
50,Hilo,US,19.7297,-155.09,69.53,83,100,0.0,overcast clouds
51,La Ronge,CA,55.1001,-105.2842,32.25,74,100,5.75,overcast clouds
52,Hami,CN,42.8,93.45,68.27,14,50,7.61,scattered clouds
53,East London,ZA,-33.0153,27.9116,65.34,94,75,8.05,light rain
54,Guantanamo,CU,20.1444,-75.2092,80.17,60,99,2.39,overcast clouds
55,San Quintin,MX,30.4833,-115.95,64.22,62,9,2.04,clear sky
56,Deputatskiy,RU,69.3,139.9,-16.4,100,100,1.83,overcast clouds
57,Ribeira Grande,PT,38.5167,-28.7,54.0,87,75,26.46,broken clouds
58,North Bend,US,43.4065,-124.2243,42.71,94,100,5.75,overcast clouds
59,Norman Wells,CA,65.282,-126.8329,15.84,67,75,19.57,broken clouds
60,Acapulco,MX,16.8634,-99.8901,71.42,83,20,2.3,few clouds
61,Port Blair,IN,11.6667,92.75,82.44,78,20,2.3,mist
62,Abbeville,FR,50.1,1.8333,54.25,60,29,13.69,scattered clouds
63,Hermanus,ZA,-34.4187,19.2345,70.81,48,0,23.8,clear sky
64,Beringovskiy,RU,63.05,179.3167,29.66,93,100,12.53,overcast clouds
65,Turukhansk,RU,65.8167,87.9833,8.83,97,100,6.71,overcast clouds
66,Nouakchott,MR,18.0858,-15.9785,98.53,33,4,15.05,clear sky
67,Lermontovka,RU,47.1453,134.3383,33.44,84,52,3.58,broken clouds
68,Yellowknife,CA,62.456,-114.3525,21.72,80,75,18.41,broken clouds
69,Yongan,CN,39.6957,113.6871,61.68,35,10,8.59,clear sky
70,Saint-Pierre,RE,-21.3393,55.4781,81.28,68,100,19.57,overcast clouds
71,Barrow,US,71.2906,-156.7887,-20.18,83,0,6.91,clear sky
72,Kysyl-Syr,RU,63.8986,122.7617,8.78,97,92,3.78,overcast clouds
73,Cabo San Lucas,MX,22.8909,-109.9124,66.06,89,0,7.0,clear sky
74,Lebu,CL,-37.6167,-73.65,58.08,74,35,12.82,scattered clouds
75,Avarua,CK,-21.2078,-159.775,82.45,83,40,10.36,scattered clouds
76,College,US,64.8569,-147.8028,-2.42,69,0,0.0,clear sky
77,Keningau,MY,5.3378,116.1602,71.35,99,100,2.33,light rain
78,Butaritari,KI,3.0707,172.7902,79.97,82,75,11.43,light rain
79,Awjilah,LY,29.1081,21.2869,84.04,13,68,5.86,broken clouds
80,Sinnamary,GF,5.3833,-52.95,80.1,84,96,12.26,overcast clouds
81,Juneau,US,58.3019,-134.4197,36.21,97,75,0.0,fog
82,Makakilo City,US,21.3469,-158.0858,73.72,73,0,6.91,clear sky
83,Bambous Virieux,MU,-20.3428,57.7575,81.21,78,75,6.91,broken clouds
84,Harper,LR,4.375,-7.7169,86.86,67,100,10.13,overcast clouds
85,Severo-Kurilsk,RU,50.6789,156.125,25.52,77,14,5.75,few clouds
86,Satna,IN,24.5833,80.8333,95.5,7,0,6.98,clear sky
87,Linjiang,CN,41.8069,126.9078,53.69,89,100,2.86,overcast clouds
88,Upernavik,GL,72.7868,-56.1549,3.31,94,100,9.35,overcast clouds
89,Parlakimidi,IN,18.7667,84.0833,82.71,70,95,7.09,overcast clouds
90,Provideniya,RU,64.3833,-173.3,16.65,96,100,4.5,snow
91,Vestmannaeyjar,IS,63.4427,-20.2734,38.39,75,75,28.77,broken clouds
92,Saint-Joseph,RE,-21.3667,55.6167,80.2,82,30,11.61,light rain
93,Ust-Maya,RU,60.4167,134.5333,5.65,96,67,2.44,broken clouds
94,San Felipe,VE,10.3399,-68.7425,77.04,78,99,6.11,overcast clouds
95,Valdivia,CL,-39.8142,-73.2459,46.49,98,88,1.79,moderate rain
96,Lompoc,US,34.6391,-120.4579,50.14,82,100,28.01,mist
97,Cam Ranh,VN,11.9214,109.1591,76.96,73,40,9.22,scattered clouds
98,Grootfontein,NA,-19.5667,18.1167,81.97,44,93,8.05,overcast clouds
99,Nuuk,GL,64.1835,-51.7216,23.61,80,75,10.36,broken clouds
100,Ostrovnoy,RU,68.0531,39.5131,36.14,99,100,19.37,overcast clouds
101,Ilulissat,GL,69.2167,-51.1,10.42,79,75,11.5,light shower snow
102,Hithadhoo,MV,-0.6,73.0833,84.07,67,94,7.65,overcast clouds
103,Cabra,ES,37.4725,-4.4421,68.22,51,8,6.98,clear sky
104,Sungaipenuh,ID,-2.0833,101.3833,66.13,96,100,0.4,overcast clouds
105,Khilok,RU,51.3674,110.4676,30.85,96,100,13.22,snow
106,Georgetown,MY,5.4112,100.3354,82.35,88,20,5.01,few clouds
107,Pangkalanbuun,ID,-2.6833,111.6167,74.17,96,100,2.53,overcast clouds
108,Kodiak,US,57.79,-152.4072,27.91,46,0,10.36,clear sky
109,Tuktoyaktuk,CA,69.4541,-133.0374,5.0,85,100,20.71,light snow
110,Cape Town,ZA,-33.9258,18.4232,81.1,30,0,13.8,clear sky
111,Pangnirtung,CA,66.1451,-65.7125,10.4,79,100,5.75,light snow
112,Saldanha,ZA,-33.0117,17.9442,86.05,42,0,13.71,clear sky
113,Pitimbu,BR,-7.4706,-34.8086,86.59,69,86,14.56,overcast clouds
114,Komsomolskiy,UZ,40.4272,71.7189,77.72,33,97,4.61,overcast clouds
115,Puerto Ayora,EC,-0.7393,-90.3518,79.43,78,100,4.05,overcast clouds
116,Maniitsoq,GL,65.4167,-52.9,18.01,75,40,1.7,scattered clouds
117,Necochea,AR,-38.5473,-58.7368,68.4,69,14,8.9,few clouds
118,Marrakesh,MA,31.6315,-8.0083,84.27,18,0,3.44,clear sky
119,Banikoara,BJ,11.2985,2.4386,108.91,15,93,1.63,overcast clouds
120,Ust-Kuyga,RU,70.0167,135.6,-2.38,97,100,5.61,overcast clouds
121,Pacific Grove,US,36.6177,-121.9166,48.31,86,40,5.75,scattered clouds
122,Victoria,HK,22.2855,114.1577,75.18,71,0,8.01,clear sky
123,Sorong,ID,-0.8833,131.25,80.11,84,100,10.56,overcast clouds
124,Sao Jose Da Coroa Grande,BR,-8.8978,-35.1478,82.83,76,77,10.67,broken clouds
125,Sur,OM,22.5667,59.5289,92.53,29,100,5.44,overcast clouds
126,Longyearbyen,SJ,78.2186,15.6401,24.64,63,20,12.66,few clouds
127,Pingliang,CN,35.5392,106.6861,65.55,25,0,7.05,clear sky
128,Teguise,ES,29.0605,-13.564,64.62,77,20,19.57,few clouds
129,Bandarbeyla,SO,9.4942,50.8122,82.62,71,100,10.11,overcast clouds
130,Ust-Nera,RU,64.5667,143.2,3.43,95,100,8.55,overcast clouds
131,Kloulklubed,PW,7.0419,134.2556,72.1,77,100,18.28,light rain
132,Dawson,US,31.7735,-84.4466,50.38,52,0,15.66,clear sky
133,Dikson,RU,73.5069,80.5464,9.59,95,100,4.59,overcast clouds
134,Machhlishahr,IN,25.6833,82.4167,93.47,6,0,3.2,clear sky
135,Kulhudhuffushi,MV,6.6221,73.07,85.14,69,100,9.51,overcast clouds
136,Tiarei,PF,-17.5333,-149.3333,78.82,80,100,17.94,light rain
137,Airai,TL,-8.9266,125.4092,59.22,83,97,2.62,overcast clouds
138,Ngunguru,NZ,-35.6167,174.5,67.1,60,58,12.46,broken clouds
139,Zherdevka,RU,51.8486,41.4606,55.36,67,72,3.04,broken clouds
140,San Cristobal,VE,7.7669,-72.225,73.58,40,96,5.48,overcast clouds
141,Waitati,NZ,-45.75,170.5667,55.8,61,100,4.25,overcast clouds
142,Kaitangata,NZ,-46.2817,169.8464,51.46,83,26,9.6,scattered clouds
143,Tezu,IN,27.9167,96.1667,68.79,80,17,4.14,few clouds
144,Khatanga,RU,71.9667,102.5,3.15,99,66,5.84,broken clouds
145,Yatou,CN,37.15,122.3833,55.27,74,17,14.38,few clouds
146,Lagoa,PT,39.05,-27.9833,56.08,71,100,34.83,overcast clouds
147,San Patricio,US,28.017,-97.5169,71.87,56,0,9.46,clear sky
148,Ojinaga,MX,29.5667,-104.4167,58.15,26,0,3.44,clear sky
149,Vaini,TO,-21.2,-175.2,75.36,100,40,0.0,scattered clouds
150,Moussoro,TD,13.6408,16.4901,107.91,4,95,9.17,overcast clouds
151,Saravena,CO,6.9538,-71.8752,92.73,38,79,2.24,broken clouds
152,Mugur-Aksy,RU,50.35,90.5,21.06,62,6,12.71,clear sky
153,Yuli,NG,9.6989,10.2744,104.92,19,100,4.83,overcast clouds
154,Macusani,PE,-14.0833,-70.4333,44.74,63,100,3.02,overcast clouds
155,Walvis Bay,NA,-22.9575,14.5053,61.09,54,22,12.1,few clouds
156,Mabaruma,GY,8.2,-59.7833,81.59,78,49,6.8,scattered clouds
157,Arraial Do Cabo,BR,-22.9661,-42.0278,82.26,74,75,12.66,broken clouds
158,Mayumba,GA,-3.432,10.6554,81.0,81,99,6.96,light rain
159,Bukachacha,RU,52.9833,116.9167,35.15,48,100,11.88,overcast clouds
160,Sioux Lookout,CA,50.1001,-91.917,15.87,79,20,2.3,few clouds
161,Trincomalee,LK,8.5711,81.2335,82.85,72,100,5.82,light rain
162,Onguday,RU,50.75,86.15,31.53,87,100,3.33,snow
163,Sangueya,GN,10.7,-14.3667,98.83,30,31,8.97,scattered clouds
164,Ormara,PK,25.2088,64.6357,81.9,73,14,13.22,few clouds
165,Bluff,NZ,-46.6,168.3333,57.22,79,88,20.76,overcast clouds
166,Tasiilaq,GL,65.6145,-37.6368,32.16,86,100,1.81,overcast clouds
167,Daru,PG,-9.0763,143.2092,80.4,79,100,7.63,overcast clouds
168,Ust-Kan,RU,50.9276,84.761,14.63,91,34,4.47,scattered clouds
169,Thompson,CA,55.7435,-97.8558,33.96,44,100,4.61,overcast clouds
170,Camacha,PT,33.0833,-16.3333,62.02,59,75,10.36,broken clouds
171,Bahir Dar,ET,11.5936,37.3908,85.48,20,9,12.53,clear sky
172,Yambio,SS,4.5721,28.3955,93.25,28,100,1.81,overcast clouds
173,Itoman,JP,26.1247,127.6694,72.37,85,20,13.8,few clouds
174,Aksu,CN,41.1231,80.2644,75.72,16,100,3.51,overcast clouds
175,La Tuque,CA,47.4334,-72.7824,37.65,81,81,6.91,broken clouds
176,Torbay,CA,47.6666,-52.7314,33.58,83,100,17.27,overcast clouds
177,Norilsk,RU,69.3535,88.2027,2.43,98,100,3.44,overcast clouds
178,Henties Bay,NA,-22.116,14.2845,65.57,69,1,10.65,clear sky
179,Lavrentiya,RU,65.5833,-171.0,6.67,96,100,4.63,light snow
180,Katsuura,JP,35.1333,140.3,62.78,83,0,18.23,clear sky
181,Guanica,PR,17.9716,-66.908,83.53,65,88,7.0,overcast clouds
182,Impfondo,CG,1.6381,18.0667,98.46,28,58,3.71,broken clouds
183,Menongue,AO,-14.6585,17.691,80.64,47,33,6.31,scattered clouds
184,Bethel,US,41.3712,-73.414,51.89,80,75,3.44,broken clouds
185,Ewa Beach,US,21.3156,-158.0072,75.15,75,0,6.91,clear sky
186,Porto Novo,BJ,6.4965,2.6036,82.22,55,80,11.18,broken clouds
187,Gusau,NG,12.1628,6.6614,103.44,14,99,1.36,overcast clouds
188,Peniche,PT,39.3558,-9.3811,60.46,86,98,11.63,overcast clouds
189,Presidencia Roque Saenz Pena,AR,-26.7852,-60.4388,77.22,67,0,7.94,clear sky
190,Maligaya,PH,15.6742,120.8897,77.47,76,99,4.41,overcast clouds
191,Ballina,AU,-28.8667,153.5667,69.76,86,79,6.91,broken clouds
192,Souillac,MU,-20.5167,57.5167,80.98,78,75,6.91,broken clouds
193,Ulladulla,AU,-35.35,150.4667,63.77,92,57,4.76,broken clouds
194,Bereda,ES,43.2686,-7.5406,65.14,54,61,3.22,broken clouds
195,Bangassou,CF,4.7413,22.8184,98.26,27,50,4.29,scattered clouds
196,Sorland,NO,67.667,12.6934,38.82,67,51,13.94,broken clouds
197,Abalak,RU,58.1286,68.5944,32.83,89,62,2.82,broken clouds
198,Sol-Iletsk,RU,51.1631,54.9918,48.07,83,100,20.18,overcast clouds
199,Port Moresby,PG,-9.4431,147.1797,76.42,100,75,5.75,broken clouds
200,Ambositra,MG,-20.5167,47.25,64.81,80,7,8.61,clear sky
201,Hirara,JP,24.8,125.2833,72.3,81,99,14.09,overcast clouds
202,Chivay,PE,-15.6383,-71.6011,48.96,79,84,5.12,broken clouds
203,Mar Del Plata,AR,-38.0023,-57.5575,63.88,87,100,11.99,overcast clouds
204,Poum,NC,-20.2333,164.0167,79.75,82,96,12.3,overcast clouds
205,Rockhampton,AU,-23.3833,150.5,73.29,83,100,9.22,overcast clouds
206,Hay River,CA,60.8156,-115.7999,30.18,80,75,13.8,broken clouds
207,Ponta Do Sol,PT,32.6667,-17.1,68.72,66,24,5.41,few clouds
208,Salym,RU,60.0625,71.4789,21.96,90,50,2.84,scattered clouds
209,The Pas,CA,53.8251,-101.2541,33.82,75,100,23.02,overcast clouds
210,Ossora,RU,59.2353,163.0719,18.1,89,97,5.21,overcast clouds
211,Mayo,US,38.8876,-76.5119,52.34,71,0,11.01,clear sky
212,Rawson,AR,-43.3002,-65.1023,62.65,73,58,22.19,broken clouds
213,Sitka,US,57.0531,-135.33,35.49,80,100,0.0,overcast clouds
214,Muleba,TZ,-1.8397,31.6544,75.09,61,7,1.59,clear sky
215,Olga,RU,43.7444,135.2892,43.84,84,11,3.22,few clouds
216,Hasaki,JP,35.7333,140.8333,54.0,81,0,16.58,clear sky
217,Saint-Francois,FR,46.4154,3.9054,52.68,71,75,16.11,broken clouds
218,Boende,CD,-0.2167,20.8667,96.42,32,48,1.3,scattered clouds
219,Kushima,JP,31.4583,131.2333,59.76,77,0,0.34,clear sky
220,Zverinogolovskoye,RU,54.4586,64.8542,51.15,65,97,3.74,overcast clouds
221,Sangre Grande,TT,10.5835,-61.1177,86.94,62,18,10.51,few clouds
222,Ruidoso,US,33.3317,-105.673,51.51,13,0,9.22,clear sky
223,Vila Franca Do Campo,PT,37.7167,-25.4333,61.21,69,12,21.5,few clouds
224,Grindu,RO,44.7667,26.9167,74.32,34,2,17.0,clear sky
225,Goderich,CA,43.7501,-81.7165,33.91,74,100,10.36,overcast clouds
226,Bayevo,RU,53.2833,80.7667,33.53,74,7,6.2,clear sky
227,Aklavik,CA,68.2191,-135.0107,1.4,78,75,11.5,broken clouds
228,Noyabrsk,RU,63.1994,75.4507,2.53,94,35,5.3,scattered clouds
229,Clyde River,CA,70.4692,-68.5914,-5.57,84,100,2.3,overcast clouds
230,Murchison,NZ,-41.8,172.3333,47.03,99,25,0.36,scattered clouds
231,Zhengjiatun,CN,43.5064,123.5064,55.94,22,81,10.04,broken clouds
232,Suntar,RU,62.1444,117.6319,13.06,97,25,3.89,scattered clouds
233,Grindavik,IS,63.8424,-22.4338,37.87,93,75,28.77,broken clouds
234,Tilichiki,RU,60.4667,166.1,30.29,99,100,14.29,snow
235,Dickinson,US,29.4608,-95.0513,66.94,61,0,3.69,clear sky
236,Ongandjera,NA,-17.8833,15.0667,88.63,25,1,2.86,clear sky
237,Farrukhnagar,IN,17.0778,78.2011,89.31,24,99,5.44,overcast clouds
238,Terrace,CA,54.5163,-128.6035,33.71,100,100,4.61,overcast clouds
239,Atar,MR,20.5169,-13.0499,95.41,5,0,6.98,clear sky
240,Hofn,IS,64.2539,-15.2082,32.86,46,65,4.27,broken clouds
241,Mumford,GH,5.2618,-0.759,85.37,72,45,14.67,scattered clouds
242,Locri,IT,38.2414,16.2623,69.31,44,54,11.01,broken clouds
243,Kahului,US,20.8947,-156.47,74.84,77,0,7.0,clear sky
244,Pevek,RU,69.7008,170.3133,-14.8,99,98,7.23,overcast clouds
245,Nyrob,RU,60.733,56.7202,36.73,100,100,5.39,overcast clouds
246,Gamba,GA,-2.65,10.0,73.17,94,100,8.97,moderate rain
247,Kedrovyy,RU,56.1667,91.8167,28.87,95,100,4.94,overcast clouds
248,Port Macquarie,AU,-31.4333,152.9167,62.89,82,28,1.32,scattered clouds
249,Port Hardy,CA,50.6996,-127.4199,39.2,87,75,10.36,broken clouds
250,Birjand,IR,32.8663,59.2211,84.67,7,73,9.22,haze
251,Esperance,AU,-33.8667,121.9,58.84,56,37,6.42,scattered clouds
252,Sisimiut,GL,66.9395,-53.6735,15.8,72,52,2.66,broken clouds
253,Talnakh,RU,69.4865,88.3972,2.21,98,100,4.38,overcast clouds
254,Teluknaga,ID,-6.0989,106.6381,88.61,94,40,5.75,scattered clouds
255,Morehead,US,37.2711,-87.1764,42.78,71,0,12.66,clear sky
256,San Ignacio,BZ,17.1561,-89.0714,68.14,88,75,6.91,broken clouds
257,Hobyo,SO,5.3505,48.5268,83.91,69,15,13.15,few clouds
258,Bathsheba,BB,13.2167,-59.5167,81.21,78,75,21.85,broken clouds
259,Waddan,LY,29.1614,16.139,84.18,16,44,12.48,scattered clouds
260,Faanui,PF,-16.4833,-151.75,82.06,74,87,16.78,overcast clouds
261,Aksay,RU,47.26,39.87,61.02,51,95,11.01,overcast clouds
262,Pasaco,GT,13.9772,-90.2064,84.92,46,45,8.32,scattered clouds
263,Solnechnyy,RU,50.7214,136.6319,20.61,96,65,3.69,light snow
264,Bilibino,RU,68.0546,166.4372,-13.36,99,100,1.88,overcast clouds
265,Te Anau,NZ,-45.4167,167.7167,44.56,90,46,0.38,scattered clouds
266,Morant Bay,JM,17.8815,-76.4093,84.7,70,94,6.13,overcast clouds
267,Preeceville,CA,51.95,-102.6677,34.45,98,100,11.41,snow
268,Iqaluit,CA,63.7506,-68.5145,17.33,79,100,10.36,light snow
269,Ahipara,NZ,-35.1667,173.1667,59.4,78,32,5.66,scattered clouds
270,Flinders,AU,-34.5833,150.8552,65.37,92,48,5.01,light rain
271,Alice Springs,AU,-23.7,133.8833,69.22,32,0,0.0,clear sky
272,Joshimath,IN,30.5667,79.5667,59.63,64,90,5.61,overcast clouds
273,Krasnyy Oktyabr,RU,56.1167,38.8833,45.23,86,100,3.62,overcast clouds
274,Almaznyy,RU,48.0448,40.045,61.75,34,80,10.47,broken clouds
275,Dubbo,AU,-32.25,148.6167,62.73,94,40,13.8,scattered clouds
276,Katangli,RU,51.7102,143.2326,20.53,97,73,5.53,broken clouds
277,Moose Factory,CA,51.2585,-80.6094,24.78,80,100,12.66,overcast clouds
278,Shimanovsk,RU,52.0,127.7,32.43,86,100,2.84,overcast clouds
279,Chingola,ZM,-12.529,27.8838,69.26,84,93,6.67,light rain
280,Nanortalik,GL,60.1432,-45.2371,32.05,69,9,1.41,clear sky
281,Nusaybin,TR,37.0778,41.2178,72.34,37,0,12.86,clear sky
282,Klaksvik,FO,62.2266,-6.589,36.52,56,100,14.79,overcast clouds
283,Bonthe,SL,7.5264,-12.505,85.14,68,100,10.85,overcast clouds
284,Puerto Suarez,BO,-18.95,-57.8,84.76,69,40,4.61,scattered clouds
285,Clearlake,US,38.9582,-122.6264,48.25,55,2,4.79,clear sky
286,Bisira,PA,8.5196,-81.7115,62.46,91,100,4.52,overcast clouds
287,Yar-Sale,RU,66.8333,70.8333,5.0,95,100,2.59,overcast clouds
288,Illapel,CL,-31.6308,-71.1653,66.76,60,0,4.59,clear sky
289,Codrington,AU,-38.2667,141.9667,65.14,68,61,9.8,broken clouds
290,Bandarban,BD,22.1965,92.2262,83.91,86,0,2.86,clear sky
291,Nouadhibou,MR,20.931,-17.0347,75.18,60,0,11.5,clear sky
292,Kamen-Rybolov,RU,44.7481,132.0403,44.06,67,100,3.49,overcast clouds
293,Margate,GB,51.3813,1.3862,53.69,42,74,8.99,broken clouds
294,Castelo,BR,-20.6036,-41.1847,87.73,62,99,1.5,overcast clouds
295,Buraydah,SA,26.326,43.975,97.25,7,0,17.78,clear sky
296,Olafsvik,IS,64.8945,-23.7142,34.72,98,100,25.01,snow
297,Karpogory,RU,64.0019,44.4451,42.42,95,100,9.57,overcast clouds
298,Palaikastron,GR,35.2,26.25,64.81,70,100,13.44,overcast clouds
299,Nome,US,64.5011,-165.4064,23.07,93,100,6.91,overcast clouds
300,Kupino,RU,54.3663,77.2981,32.7,76,15,7.63,few clouds
301,Raudeberg,NO,61.9875,5.1352,38.95,87,100,29.77,overcast clouds
302,Qaqortoq,GL,60.7167,-46.0333,32.59,61,6,1.9,clear sky
303,Grand Gaube,MU,-20.0064,57.6608,81.0,76,1,4.0,clear sky
304,Berdigestyakh,RU,62.0989,126.6992,4.82,99,40,2.51,scattered clouds
305,Dunedin,NZ,-45.8742,170.5036,55.8,61,67,8.01,broken clouds
306,Bataipora,BR,-22.2953,-53.2711,82.56,63,94,2.73,overcast clouds
307,Naron,ES,43.5167,-8.1528,70.56,63,96,7.16,overcast clouds
308,Antalaha,MG,-14.9003,50.2788,80.02,79,97,14.45,light rain
309,San Javier,ES,37.8063,-0.8374,79.47,41,0,13.0,clear sky
310,Verkhnyaya Inta,RU,65.9811,60.3094,30.4,82,78,9.51,broken clouds
311,Ternate,ID,0.8,127.4,81.59,79,95,6.73,overcast clouds
312,Tocopilla,CL,-22.092,-70.1979,69.26,63,0,8.32,clear sky
313,Songkhla,TH,6.8333,100.6667,80.65,89,26,2.55,scattered clouds
314,Tiksi,RU,71.6872,128.8694,-10.46,100,100,3.27,overcast clouds
315,Zambezi,ZM,-13.5432,23.1047,75.63,75,55,6.46,light rain
316,Katobu,ID,-4.9408,122.5276,75.56,91,100,2.84,overcast clouds
317,Srednekolymsk,RU,67.45,153.6833,-16.08,98,78,6.08,broken clouds
318,Sola,VU,-13.8833,167.55,82.72,71,29,14.72,scattered clouds
319,Artyom,AZ,40.4723,50.333,53.74,85,100,15.88,overcast clouds
320,Vallenar,CL,-28.5708,-70.7581,69.48,48,0,3.74,clear sky
321,Nalut,LY,30.3333,10.85,84.24,15,0,10.18,clear sky
322,Okhotsk,RU,59.3833,143.3,17.56,94,100,4.36,overcast clouds
323,Volkhov,RU,59.9258,32.3382,42.75,76,100,10.42,overcast clouds
324,Biggar,GB,55.6167,-3.5167,47.71,45,100,11.41,overcast clouds
325,Palmer,US,42.1584,-72.3287,53.65,90,100,0.0,overcast clouds
326,Honiara,SB,-9.4333,159.95,77.61,85,63,5.14,broken clouds
327,Sibolga,ID,1.7427,98.7792,78.57,82,98,3.2,moderate rain
328,Paso De Los Toros,UY,-32.8167,-56.5167,72.93,66,0,6.89,clear sky
329,Kavieng,PG,-2.5744,150.7967,81.18,78,85,4.81,overcast clouds
330,Kruisfontein,ZA,-34.0033,24.7314,64.89,75,93,16.53,light rain
331,Koumac,NC,-20.5667,164.2833,77.65,88,86,7.65,overcast clouds
332,Malakal,SS,9.5334,31.6605,104.45,17,72,5.32,broken clouds
333,Itarema,BR,-2.9248,-39.9167,84.04,72,26,12.28,scattered clouds
334,Nemuro,JP,43.3236,145.575,38.35,82,41,10.07,scattered clouds
335,Pangai,TO,-19.8,-174.35,81.27,73,10,5.14,clear sky
336,Sonipat,IN,28.9833,77.0167,100.4,7,0,7.34,clear sky
337,Kukuna,SL,9.4,-12.6667,103.84,26,35,1.83,scattered clouds
338,Atambua,ID,-9.1061,124.8925,72.73,89,93,4.81,overcast clouds
339,Saint Anthony,US,45.0205,-93.218,38.08,55,0,3.44,clear sky
340,Elizabeth City,US,36.2946,-76.2511,53.02,69,75,7.0,broken clouds
341,Sarkand,KZ,45.41,79.9186,54.7,45,100,5.68,overcast clouds
342,Kununurra,AU,-15.7667,128.7333,71.58,73,27,3.44,scattered clouds
343,Riviere-Du-Loup,CA,47.8304,-69.5342,37.67,87,42,3.44,scattered clouds
344,Roebourne,AU,-20.7833,117.1333,86.65,39,6,10.25,clear sky
345,Krasnoselkup,RU,65.7,82.4667,-1.46,99,71,7.61,broken clouds
346,Meulaboh,ID,4.1363,96.1285,79.23,84,87,3.15,overcast clouds
347,Magadan,RU,59.5667,150.8,6.53,97,74,3.33,broken clouds
348,Satipo,PE,-11.2522,-74.6386,71.62,96,100,0.63,overcast clouds
349,Dzilam Gonzalez,MX,21.2833,-88.9333,75.61,42,58,10.56,broken clouds
350,Podosinovets,RU,60.2776,47.0659,45.52,88,100,11.72,overcast clouds
351,Lancaster,US,40.2504,-76.2499,44.56,88,100,10.36,light rain
352,Mount Gambier,AU,-37.8333,140.7667,60.71,77,6,8.05,clear sky
353,Vila Velha,BR,-20.3297,-40.2925,87.75,66,0,10.0,clear sky
354,Batagay,RU,67.6333,134.6333,2.93,99,100,3.22,overcast clouds
355,Sao Filipe,CV,14.8961,-24.4956,76.91,64,42,14.29,scattered clouds
356,Harunabad,PK,29.6133,73.1389,96.94,7,0,10.38,clear sky
357,Viedma,AR,-40.8135,-62.9967,63.09,77,100,14.58,light rain
358,Manado,ID,1.487,124.8455,77.77,100,40,2.3,scattered clouds
359,Hovd,MN,48.0056,91.6419,45.1,19,0,17.11,clear sky
360,Touros,BR,-5.1989,-35.4608,87.31,60,21,16.51,few clouds
361,Lima,PE,-12.0432,-77.0282,62.85,88,100,4.61,mist
362,Totness,SR,5.8833,-56.3167,78.91,85,98,11.14,overcast clouds
363,Carupano,VE,10.6678,-63.2585,82.36,65,53,8.61,broken clouds
364,Naze,JP,28.3667,129.4833,65.32,77,4,9.95,clear sky
365,Stepnyak,KZ,52.8339,70.7803,42.82,50,0,6.55,clear sky
366,Kiruna,SE,67.8557,20.2251,29.32,93,100,10.36,overcast clouds
367,Berlevag,NO,70.8578,29.0864,35.4,98,100,28.86,overcast clouds
368,Omboue,GA,-1.5746,9.2618,72.27,95,100,4.21,moderate rain
369,Anchorage,US,61.2181,-149.9003,23.05,54,0,6.91,clear sky
370,Wilmington,US,34.2257,-77.9447,54.99,46,0,21.85,clear sky
371,Jumla,NP,29.2747,82.1838,53.78,49,74,5.12,light rain
372,Lorengau,PG,-2.0226,147.2712,79.11,83,100,4.18,overcast clouds
373,Iskateley,RU,67.6803,53.1512,33.33,95,100,17.81,light snow
374,Taoudenni,ML,22.6783,-3.9836,94.73,4,0,13.53,clear sky
375,Zhuhai,CN,22.2769,113.5678,75.85,83,0,4.61,clear sky
376,Berezanka,UA,46.8526,31.388,55.4,65,98,21.12,overcast clouds
377,Emborion,GR,40.4833,21.55,73.76,39,0,9.24,clear sky
378,Luderitz,NA,-26.6481,15.1594,70.52,52,0,4.79,clear sky
379,Marfino,RU,55.7028,37.3822,51.87,53,20,6.71,few clouds
380,Milkovo,RU,54.7167,158.6167,19.45,85,8,4.45,clear sky
381,Byron Bay,AU,-28.65,153.6167,69.69,83,70,7.18,broken clouds
382,Fallon,US,39.4735,-118.7774,40.87,36,40,14.97,haze
383,Homer,US,59.6425,-151.5483,31.89,64,100,4.61,overcast clouds
384,Rodrigues Alves,BR,-7.738,-72.6509,77.2,84,100,0.94,overcast clouds
385,Taywarah,AF,33.35,64.4167,62.04,17,49,3.98,scattered clouds
386,Bitkine,TD,11.9801,18.2138,107.2,5,73,7.18,broken clouds
387,Trairi,BR,-3.2778,-39.2689,79.09,86,99,8.25,overcast clouds
388,Galesong,ID,-5.3166,119.3661,77.02,79,34,3.78,scattered clouds
389,Paamiut,GL,61.994,-49.6678,25.25,62,0,11.79,clear sky
390,Kokopo,PG,-4.352,152.2633,78.82,81,32,6.15,scattered clouds
391,Williams Lake,CA,52.1415,-122.1445,29.77,72,40,2.3,scattered clouds
392,Cullman,US,34.1748,-86.8436,44.96,61,75,9.22,broken clouds
393,Vilani,LV,56.5525,26.9245,47.14,49,100,13.44,overcast clouds
394,Amapa,BR,1.0,-52.0,83.3,69,64,4.76,broken clouds
395,Petropavlovka,RU,50.6114,105.3196,38.44,62,100,5.66,overcast clouds
396,Kalangala,UG,-0.3089,32.225,81.75,64,91,14.38,overcast clouds
397,Puerto Baquerizo Moreno,EC,-0.9,-89.6,78.57,79,100,3.71,overcast clouds
398,Rayong,TH,12.8333,101.4333,87.8,88,27,3.85,scattered clouds
399,Sao Joao Da Barra,BR,-21.6403,-41.0511,78.89,73,100,6.44,overcast clouds
400,Los Llanos De Aridane,ES,28.6585,-17.9182,64.15,79,20,5.01,few clouds
401,Radzionkow,PL,50.4003,18.9023,47.25,64,20,12.66,few clouds
402,Sept-Iles,CA,50.2001,-66.3821,33.06,97,100,11.5,mist
403,Oranjemund,NA,-28.55,16.4333,72.59,46,0,17.85,clear sky
404,Murgab,TM,37.4966,61.9714,87.67,27,0,6.91,clear sky
405,Namibe,AO,-15.1961,12.1522,76.66,68,5,9.08,clear sky
406,Ambon,ID,-3.6954,128.1814,80.74,83,40,1.14,scattered clouds
407,Xam Nua,LA,20.4197,104.0439,64.99,71,7,3.49,clear sky
408,Cayenne,GF,4.9333,-52.3333,84.24,1,75,16.11,broken clouds
409,Rodez,FR,44.5,2.5833,51.48,43,0,23.02,clear sky
410,Muhos,FI,64.808,25.9931,39.88,73,100,8.16,overcast clouds
411,Constitucion,CL,-35.3333,-72.4167,58.69,70,100,1.07,overcast clouds
412,Khani,GE,41.9563,42.9566,51.37,82,73,2.44,broken clouds
413,Lexington,US,37.9887,-84.4777,37.4,85,100,8.05,overcast clouds
414,Umm Kaddadah,SD,13.6017,26.6876,103.14,7,0,8.84,clear sky
415,Krasnovishersk,RU,60.4078,57.082,37.31,100,100,4.74,overcast clouds
416,Acari,PE,-15.4311,-74.6158,76.26,64,53,5.64,broken clouds
417,Kavaratti,IN,10.5669,72.642,84.27,75,93,9.15,overcast clouds
418,Hamilton,US,39.1834,-84.5333,39.65,87,100,11.5,overcast clouds
419,Marystown,CA,47.1666,-55.1483,37.85,100,100,8.01,overcast clouds
420,Zhigansk,RU,66.7697,123.3711,6.19,91,84,9.75,broken clouds
421,Sidi Ali,DZ,36.0998,0.4206,64.51,54,33,10.13,scattered clouds
422,Husavik,IS,66.0449,-17.3389,28.06,72,31,5.7,scattered clouds
423,Vostok,RU,46.4856,135.8833,23.56,97,18,4.05,few clouds
424,Labuhan,ID,-6.8844,112.2051,79.75,81,62,2.93,broken clouds
425,Baruun-Urt,MN,46.6806,113.2792,56.98,30,55,20.29,broken clouds
426,Independence,US,39.0911,-94.4155,43.05,55,0,4.61,clear sky
427,Vardo,NO,70.3705,31.1107,35.69,97,100,27.42,overcast clouds
428,Tiznit,MA,29.5833,-9.5,82.45,12,0,2.95,clear sky
429,Pangody,RU,65.85,74.4859,0.9,94,77,6.67,broken clouds
430,Praya,CV,14.9215,-23.5087,88.34,23,0,18.41,clear sky
431,Luklukan,PH,14.3254,122.7124,77.56,90,100,7.09,overcast clouds
432,Talaya,RU,61.3833,152.75,2.1,98,100,4.9,overcast clouds
433,Kalianget,ID,-7.05,113.9333,81.28,76,51,2.59,moderate rain
434,Bonavista,CA,48.6499,-53.1147,34.03,81,98,16.8,overcast clouds
435,Namatanai,PG,-3.6667,152.4333,79.21,82,98,4.81,overcast clouds
436,Ixtapa,MX,20.7,-105.2,71.22,88,0,1.99,clear sky
437,Bartica,GY,6.4,-58.6167,84.52,87,73,4.5,broken clouds
438,Alotenango,GT,14.4803,-90.8075,62.17,60,80,7.49,broken clouds
439,Coronado,US,32.6859,-117.1831,71.11,69,0,8.05,mist
440,Hudson Bay,CA,52.85,-102.3842,36.39,78,100,11.5,overcast clouds
441,Lebyazhye,RU,55.2689,66.4947,41.27,69,75,6.87,broken clouds
442,Mackenzie,CA,55.2999,-123.1698,30.42,100,100,4.61,overcast clouds
443,Khoy,IR,38.5504,44.9535,57.74,48,100,7.4,overcast clouds
444,El Alto,PE,-4.2714,-81.2147,71.26,83,100,2.26,overcast clouds
445,Qui Nhon,VN,13.7667,109.2333,72.01,83,47,7.58,scattered clouds
446,Baykit,RU,61.67,96.37,19.94,94,97,2.35,overcast clouds
447,Muriwai Beach,NZ,-36.8167,174.45,59.43,80,0,3.89,clear sky
448,Opuwo,NA,-18.0607,13.84,89.06,23,1,1.3,clear sky
449,Yamada,JP,39.4667,141.95,54.97,49,4,10.16,clear sky
450,Kirkuk,IQ,35.4681,44.3922,75.38,29,4,10.69,clear sky
451,Otane,NZ,-39.8833,176.6333,46.0,94,0,2.13,clear sky
452,Marawi,PH,7.9986,124.2928,66.74,95,100,1.03,overcast clouds
453,Port-Gentil,GA,-0.7193,8.7815,76.96,88,20,9.22,thunderstorm with light rain
454,Kuryk,KZ,43.2,51.65,62.13,52,100,20.51,overcast clouds
455,Narrabri,AU,-30.3167,149.7833,66.29,88,100,9.22,overcast clouds
456,Beidao,CN,34.5686,105.8933,66.27,38,0,6.38,clear sky
457,Eidfjord,NO,60.4675,7.0719,38.16,84,100,13.27,overcast clouds
458,Safranbolu,TR,41.2508,32.6942,71.4,36,7,4.52,clear sky
459,Port Lincoln,AU,-34.7333,135.8667,68.02,70,18,7.47,few clouds
460,Fairbanks,US,64.8378,-147.7164,-2.4,69,0,0.0,clear sky
461,Djibo,BF,14.1022,-1.6306,107.96,7,4,3.24,clear sky
462,Bar Harbor,US,44.3876,-68.2039,52.38,87,40,3.44,scattered clouds
463,Bengkulu,ID,-3.8004,102.2655,79.52,78,100,2.17,overcast clouds
464,Fortuna,US,40.5982,-124.1573,44.65,84,0,13.8,clear sky
465,Eyl,SO,7.9803,49.8164,83.19,69,99,13.71,overcast clouds
466,Pincher Creek,CA,49.4833,-113.952,35.28,63,100,19.57,overcast clouds
467,Chiredzi,ZW,-21.05,31.6667,68.97,76,100,6.58,overcast clouds
468,Chingirlau,KZ,51.095,54.0814,50.22,77,97,22.08,overcast clouds
469,Syasstroy,RU,60.1367,32.5691,40.96,80,100,11.39,overcast clouds
470,Tarpon Springs,US,28.1461,-82.7568,65.98,51,75,5.99,broken clouds
471,Tazovskiy,RU,67.4667,78.7,-4.4,100,39,8.1,scattered clouds
472,Podbrdo,BA,44.4408,17.0139,36.86,93,100,7.87,overcast clouds
473,Hochst,AT,47.4593,9.6405,49.14,61,40,4.61,scattered clouds
474,Mount Isa,AU,-20.7333,139.5,71.37,35,7,5.75,clear sky
475,Nazarovo,RU,56.0064,90.3914,29.25,97,100,10.51,snow
476,Seoul,KR,37.5683,126.9778,62.2,43,0,9.22,clear sky
477,Salas,ES,43.4118,-6.2602,58.96,52,27,7.2,scattered clouds
478,Carauari,BR,-4.8828,-66.8958,83.32,74,97,3.44,overcast clouds
479,Islamkot,PK,24.6997,70.177,88.07,31,100,15.19,overcast clouds
480,Ketchikan,US,55.3422,-131.6461,35.58,93,20,3.44,few clouds
481,Zhanaozen,KZ,43.3,52.8,69.39,34,99,8.37,overcast clouds
482,Rundu,NA,-17.9333,19.7667,83.46,38,96,6.89,overcast clouds
483,Togul,RU,53.465,85.9128,30.74,85,87,11.92,overcast clouds
484,Bien Hoa,VN,10.95,106.8167,84.18,76,86,11.72,overcast clouds
485,Fare,PF,-16.7,-151.0167,82.27,73,100,17.45,overcast clouds
486,San Policarpo,PH,12.1791,125.5072,79.68,85,100,17.58,overcast clouds
487,Chokwe,MZ,-24.5333,32.9833,78.04,50,99,13.13,overcast clouds
488,Stornoway,GB,58.2093,-6.3865,47.93,56,40,11.5,scattered clouds
489,Kenai,US,60.5544,-151.2583,22.14,80,20,4.61,few clouds
490,Batemans Bay,AU,-35.7167,150.1833,65.1,95,65,3.85,broken clouds
491,Skibbereen,IE,51.55,-9.2667,47.1,51,97,10.22,overcast clouds
492,Zhezkazgan,KZ,47.8043,67.7144,55.38,50,20,17.9,few clouds
493,Dourbali,TD,11.8091,15.8632,105.96,15,88,2.19,overcast clouds
494,Forestville,US,38.8451,-76.875,51.24,68,0,9.22,clear sky
495,Angoche,MZ,-16.2325,39.9086,82.76,64,11,7.4,few clouds
496,The Valley,AI,18.217,-63.0578,82.81,69,40,17.27,scattered clouds
497,Yakeshi,CN,49.2833,120.7333,43.09,55,100,18.5,heavy intensity rain
498,Weligama,LK,5.9667,80.4167,80.06,79,54,9.15,broken clouds
499,Santa Barbara,US,34.7333,-120.0343,57.36,100,100,4.61,fog
500,Cockburn Town,TC,21.4612,-71.1419,78.6,80,55,20.96,broken clouds
501,Cidreira,BR,-30.1811,-50.2056,71.82,83,97,9.15,overcast clouds
502,Hudiksvall,SE,61.729,17.1036,35.49,82,100,11.92,overcast clouds
503,Abu Samrah,SY,35.3029,37.1841,75.25,34,0,8.46,clear sky
504,Yinchuan,CN,38.4681,106.2731,71.42,8,12,2.84,few clouds
505,Ardakan,IR,32.31,54.0175,90.19,7,100,6.04,overcast clouds
506,Yangambi,CD,0.8102,24.4336,95.83,31,22,1.54,few clouds
507,Dryden,CA,49.7833,-92.7503,21.49,63,0,3.44,clear sky
508,Cody,US,44.5263,-109.0565,43.02,62,40,17.27,scattered clouds
509,Bonnyville,CA,54.2668,-110.735,37.2,84,80,19.35,broken clouds
510,Washington,US,47.5001,-120.5015,36.91,55,0,5.37,clear sky
511,Nichlaul,IN,27.3167,83.7333,89.55,20,8,3.06,clear sky
512,Coromandel,BR,-18.4733,-47.2003,78.6,65,98,4.43,overcast clouds
513,Wuwei,CN,37.9281,102.6414,64.98,11,98,2.44,overcast clouds
514,Beisfjord,NO,68.3751,17.5988,42.85,79,99,3.27,overcast clouds
515,Phuket,TH,8.0,98.25,80.82,83,20,3.44,few clouds
516,Two Rivers,US,44.1539,-87.5693,35.87,82,100,9.22,moderate rain
517,Kismayo,SO,-0.3582,42.5454,84.83,69,66,11.65,broken clouds
518,Blind River,CA,46.1834,-82.9582,32.11,75,100,5.55,overcast clouds
519,Ugoofaaru,MV,5.6667,73.0,84.51,71,100,10.74,overcast clouds
520,Puerto Guzman,CO,0.9703,-76.5858,79.95,71,100,2.21,overcast clouds
521,Koutsouras,GR,35.0339,25.9469,63.1,80,100,18.03,overcast clouds
522,Baijiantan,CN,45.6333,85.1833,64.36,32,100,5.17,overcast clouds
523,Mineiros,BR,-17.5694,-52.5511,77.7,72,79,3.4,broken clouds
524,Rio Claro,BR,-22.4114,-47.5614,79.39,60,27,2.75,scattered clouds
525,Fukue,JP,32.6881,128.8419,62.42,77,2,4.47,clear sky
526,Quetta,PK,30.199,67.0097,76.66,10,0,4.94,clear sky
527,Lata,PT,40.1629,-8.3327,58.82,75,100,4.29,overcast clouds
528,Luwuk,ID,-0.9516,122.7875,78.08,77,100,3.42,overcast clouds
529,Cairns,AU,-16.9167,145.7667,78.06,89,75,11.5,broken clouds
530,Ganta,LR,7.3022,-8.5308,97.09,37,74,2.8,broken clouds
531,Sanawad,IN,22.1833,76.0667,100.78,10,15,9.42,few clouds
532,Marienburg,PL,54.0359,19.0266,49.12,36,49,16.8,scattered clouds
533,Tommot,RU,58.9564,126.2925,5.43,96,18,1.34,few clouds
534,Bose,IT,45.4612,8.0137,62.24,21,41,11.25,scattered clouds
535,Naustdal,NO,61.509,5.7168,40.12,89,75,11.5,broken clouds
536,Port Said,EG,31.2565,32.2841,67.98,83,0,11.5,clear sky
537,Praia,CV,14.9215,-23.5087,88.34,23,0,18.41,clear sky
538,Xichang,CN,27.8964,102.2634,58.23,88,98,2.37,overcast clouds
539,Tessalit,ML,20.1986,1.0114,99.03,7,0,16.46,clear sky
540,Hattiesburg,US,31.3271,-89.2903,52.83,67,0,0.0,clear sky
541,Mawlaik,MM,23.6333,94.4167,84.11,36,69,3.36,broken clouds
542,Nelson Bay,AU,-32.7167,152.15,66.99,93,33,10.38,scattered clouds
543,Burbach,DE,50.75,8.0833,45.59,80,100,16.11,mist
544,Rocha,UY,-34.4833,-54.3333,76.87,55,0,3.42,clear sky
545,Bodden Town,KY,19.2833,-81.25,80.92,73,40,11.5,scattered clouds
546,Le Vauclin,MQ,14.5452,-60.8388,79.84,78,75,16.11,broken clouds
547,Guarapari,BR,-20.6667,-40.4975,85.89,61,98,6.44,overcast clouds
548,Rio Gallegos,AR,-51.6226,-69.2181,44.65,93,100,6.91,mist
549,Richards Bay,ZA,-28.783,32.0377,67.1,85,100,6.42,light rain
550,Comodoro Rivadavia,AR,-45.8667,-67.5,58.86,88,40,3.44,scattered clouds
551,Honningsvag,NO,70.9821,25.9704,37.15,87,100,25.32,overcast clouds
552,Shache,CN,38.4167,77.2406,75.74,12,100,6.29,overcast clouds
553,Mashhad,IR,36.297,59.6062,84.34,23,100,11.5,overcast clouds
554,North Myrtle Beach,US,33.816,-78.68,55.02,56,0,8.05,clear sky
555,Aspe,ES,38.3451,-0.7672,76.55,48,40,9.22,scattered clouds
556,Balykshi,KZ,47.0667,51.8667,64.4,59,75,20.13,dust
557,Challans,FR,46.8436,-1.8749,56.32,56,25,10.83,scattered clouds
558,Bilaspur,IN,22.0833,82.15,92.12,12,49,2.59,scattered clouds
559,Hwange,ZW,-18.3693,26.5019,79.03,49,100,6.44,overcast clouds
560,Kunri,PK,25.1785,69.5691,96.33,23,35,19.77,scattered clouds
561,Tres Arroyos,AR,-38.3739,-60.2798,69.96,57,51,10.29,broken clouds
562,Bayonne,FR,43.3333,-1.4167,59.92,67,20,8.05,few clouds
563,Nantucket,US,41.2835,-70.0995,55.45,78,75,10.36,broken clouds
564,Poltavka,RU,54.3663,71.7632,42.06,61,62,7.92,broken clouds
565,Mahon,ES,39.8885,4.2658,59.56,55,40,11.5,scattered clouds
566,Mayuge,UG,0.4597,33.4803,81.81,48,30,14.61,scattered clouds
567,Bilma,NE,18.6853,12.9164,104.88,4,0,3.44,clear sky
568,Fayaoue,NC,-20.65,166.5333,81.34,76,68,12.46,broken clouds
569,Puerto Del Rosario,ES,28.5004,-13.8627,69.55,64,20,12.66,few clouds
570,Gao,ML,16.6362,1.637,107.94,4,0,6.58,clear sky
571,Mitu,CO,1.1983,-70.1733,79.02,80,100,2.37,overcast clouds
572,Norrtalje,SE,59.758,18.705,34.36,87,100,10.76,overcast clouds
573,Sabang,ID,5.8933,95.3214,84.07,66,100,2.42,overcast clouds
574,Aykhal,RU,66.0,111.5,7.54,96,34,1.61,scattered clouds
575,Blackwater,AU,-23.5833,148.8833,70.95,84,11,8.34,few clouds
576,Methven,NZ,-43.6333,171.65,47.01,93,58,5.57,broken clouds
577,Uruacu,BR,-14.5247,-49.1408,88.39,52,5,1.14,clear sky
578,Alyangula,AU,-13.8483,136.4192,73.27,94,35,0.0,scattered clouds
579,Khandyga,RU,62.6667,135.6,22.01,97,100,3.74,light snow
580,Payo,ID,-3.7508,103.6372,73.47,97,100,2.98,overcast clouds
581,Log,RU,49.4844,43.8613,56.82,69,45,11.65,scattered clouds
582,Buchanan,LR,5.8808,-10.0467,86.27,67,97,9.35,overcast clouds
583,San Andres,CO,12.5847,-81.7006,82.42,78,40,16.11,scattered clouds
584,Caraballeda,VE,10.6112,-66.8522,86.86,69,20,2.3,few clouds
585,Myatlevo,RU,54.8969,35.6762,45.43,81,100,13.49,overcast clouds
586,Ifanadiana,MG,-21.3,47.6333,72.88,86,26,3.91,light rain
587,Burns Lake,CA,54.2331,-125.7533,24.22,89,100,3.65,overcast clouds
588,Nadym,RU,65.5333,72.5167,6.22,92,100,4.12,overcast clouds
589,Pacasmayo,PE,-7.4006,-79.5714,70.81,78,97,6.15,overcast clouds
590,Mogadishu,SO,2.0371,45.3438,87.67,70,40,11.5,scattered clouds
591,Karratha,AU,-20.7377,116.8463,85.59,45,6,12.28,clear sky
592,Kagoro,NG,9.6,8.3833,96.85,20,100,3.27,overcast clouds
593,Tuatapere,NZ,-46.1333,167.6833,46.42,90,42,4.97,scattered clouds
594,Chichica,PA,8.4922,-82.1627,76.35,73,98,4.45,overcast clouds
595,Cabedelo,BR,-6.9811,-34.8339,86.67,68,63,14.83,broken clouds
596,Copiapo,CL,-27.3667,-70.3333,56.89,43,0,4.25,clear sky
597,Iberia,US,29.9502,-91.7507,61.99,81,0,0.0,clear sky
598,Agnibilekrou,CI,7.1344,-3.2047,101.32,30,37,2.91,scattered clouds
599,Londoko,RU,49.0333,131.9833,30.76,99,100,2.28,light snow
600,Tautira,PF,-17.7333,-149.15,80.22,80,100,17.74,light rain
601,Auki,SB,-8.7676,160.7034,77.67,84,57,3.76,broken clouds
602,Athabasca,CA,54.7169,-113.2854,34.21,78,100,21.92,light snow
603,Bayangol,RU,50.6977,103.4656,30.31,85,100,1.1,overcast clouds
604,Lira,UG,2.235,32.9097,94.82,17,82,0.74,broken clouds
605,Aldan,RU,58.6031,125.3894,4.28,91,31,4.88,scattered clouds
606,Lazo,RU,43.3817,133.9014,43.21,88,100,1.74,overcast clouds
607,Damghan,IR,36.1683,54.348,79.48,14,99,10.69,overcast clouds
608,Novyy Urengoy,RU,66.0833,76.6333,-2.79,98,23,8.19,few clouds
609,Cap Malheureux,MU,-19.9842,57.6142,80.47,76,1,4.0,clear sky
610,Abu Dhabi,AE,24.4667,54.3667,93.22,38,0,6.91,clear sky
611,Strezhevoy,RU,60.7333,77.5889,11.05,91,72,4.99,broken clouds
612,Limenaria,GR,40.6261,24.5786,69.66,77,0,9.4,clear sky
613,Kargopol,RU,61.5071,38.9456,39.27,85,93,8.88,overcast clouds
614,Dhilwan,IN,31.5169,75.35,90.95,9,3,8.37,clear sky
615,Snyder,US,32.7179,-100.9176,61.32,20,0,6.91,clear sky
616,Geraldton,AU,-28.7667,114.6,63.01,77,40,1.14,scattered clouds
617,Nhulunbuy,AU,-12.2333,136.7667,81.21,78,59,4.61,broken clouds
618,Laredo,US,27.5064,-99.5075,61.09,67,0,11.5,clear sky
619,Mahajanga,MG,-15.7167,46.3167,84.78,70,93,4.34,light rain
620,Valleyview,CA,55.0667,-117.2859,32.04,80,100,16.11,overcast clouds
621,Ashcroft,CA,50.7165,-121.2859,32.49,96,100,1.74,light snow
622,Chahal,GT,15.75,-89.5667,66.72,99,100,4.09,overcast clouds
623,Liverpool,GB,53.4106,-2.9779,52.29,63,40,17.27,scattered clouds
624,Weihe,CN,32.9952,105.3247,59.49,72,30,3.74,scattered clouds
625,Abonnema,NG,4.7084,6.7931,82.85,75,100,12.28,light rain
626,Usinsk,RU,65.9939,57.5281,34.47,89,97,13.94,overcast clouds
627,Datong,CN,40.0936,113.2914,66.2,15,62,6.6,broken clouds
628,La Asuncion,VE,11.0333,-63.8628,80.33,78,96,19.57,overcast clouds
629,Verkhnetulomskiy,RU,68.6073,31.7962,37.53,99,100,13.87,overcast clouds
630,At-Bashi,KG,41.1702,75.8106,48.88,66,21,3.38,few clouds
631,Coihaique,CL,-45.5752,-72.0662,40.95,100,100,3.44,fog
632,Telford,GB,52.6766,-2.4493,51.66,35,96,13.27,overcast clouds
633,Asau,RO,46.4333,26.4,67.28,66,96,12.06,overcast clouds
634,Faya,SA,18.3851,42.4509,78.91,27,0,10.76,clear sky
635,Esmeraldas,BR,-19.7625,-44.3139,77.86,70,95,5.37,overcast clouds
636,Wardha,IN,20.75,78.6167,100.22,11,4,3.98,clear sky
637,Anadyr,RU,64.75,177.4833,5.5,77,40,6.71,light snow
638,Sartell,US,45.6216,-94.2069,37.96,59,15,1.01,few clouds
639,Kijang,KR,35.2442,129.2139,62.33,61,0,8.61,clear sky
640,Bayeux,BR,-7.125,-34.9322,86.63,79,40,13.8,scattered clouds
641,Itaituba,BR,-4.2761,-55.9836,82.56,83,75,5.75,broken clouds
642,Balakovo,RU,52.0278,47.8007,46.72,96,100,6.11,overcast clouds
643,Zhanakorgan,KZ,43.9098,67.2495,72.93,42,4,9.86,clear sky
644,Kayankulam,IN,9.1833,76.5,77.2,92,100,6.96,light rain
645,Wagga Wagga,AU,-35.1167,147.3667,63.01,100,100,1.14,overcast clouds
646,Uthal,PK,25.8072,66.6219,85.86,48,60,11.65,broken clouds
647,Andra,RU,62.5147,65.8878,22.23,94,74,4.81,broken clouds
648,Tual,ID,-5.6667,132.75,84.11,74,73,17.94,broken clouds
649,Salinopolis,BR,-0.6136,-47.3561,76.44,95,100,8.41,overcast clouds
650,Viamao,BR,-30.0811,-51.0233,73.67,92,75,12.66,broken clouds
651,Swan Hill,AU,-35.3378,143.5544,63.64,80,0,7.7,clear sky
652,Swan Hill,AU,-35.3378,143.5544,63.64,80,0,7.7,clear sky
